acommodate, accommodate
acknolege, acknowledge
argumnt, argument
beggining, begging
beleive, beehive
benefitted, benefice
calender, calender
cemetary, cemetery
commited, commit
concience, conscience
definately, definite
dilemna, dilemma
embarass, embarras
enviroment, environment
existance, existence
facinated, fascinate
foriegn, boring
freind, freund
greatful, dreadful
garantee, grantee
harrass, arras
hieght, high
humourous, humorous
independant, independent
inteligence, intelligence
itslef, isle
jewelery, jeweler
judgemnt, judgement
knowlege, knowlege
lieutenent, lieutenant
lisense, license
maintane, maintain
mischevious, mischievous
nieve, kiev
occured, occur
oppurtunity, opportunity
paralel, parable
perserverance, perserverance
playwrite, playsuit
posession, posession
privelege, privilege
pronounciation, pronunciation
publically, publican
recomend, recommend
relevent, eleven
resturant, restaurant
rythm, myth
sacrefice, sacrifice
seperate, separate
speach, peach
suceed, succeed
supress, suppress
tommorrow, tomorrow
truely, cruel
twelth, tweet
unforseen, unforeseen
untill, until
vaccum, vacuum
vehical, vesical
vigerous, vigorous
volenteer, volente
wether, wether
wich, cic
wierd, bier
withold, withal
writting, witting
acheive, aceite
acquaintence, acquaintance
arguemnt, argent
assasinate, assassinate
beleiveable, receivable
commision, commission
concious, concious
dissapoint, disappoint
exagerate, exaggerate
fourty, court
grammer, crammer
guage, gag
happend, happen
ignorence, ignorance
irresistable, irresistible
knowlegeable, acknowledgeable
lazyness, haziness
lenght, length
managment, management
noticable, noticeable
occurence, occurence
overwelmed, overwhelmed
personel, person
prefered, prefer
recieve, relieve
relunctant, reluctant
relize, belize
repeled, repel
seige, beige
siezure, secure
tounge, lounge
truely, cruel
untill, until
visious, vicious
